iter	Logloss
0	0.6076567293
1	0.5347491978
2	0.4740390774
3	0.4183915029
4	0.3694406222
5	0.3396651396
6	0.3075796161
7	0.2786945488
8	0.2518983686
9	0.2310659856
10	0.2146123763
11	0.1974588098
12	0.1785058482
13	0.1628206429
14	0.1498410343
15	0.139099999
16	0.1295319663
17	0.1211564605
18	0.116673412
19	0.109771896
