iter	Logloss
0	0.5813723978
1	0.4742488614
2	0.3909936945
3	0.319994581
